company_name,cluster_id
TechSolutions Inc.,1
TechSolve Corporation,1
TechMasters Group,1
InnovateTech Ltd.,2
InnoSphere Solutions,2
Infinite Innovations,2
GlobalTech Group,3
GlobeNet Ventures,3
Global Systems Inc.,3
DataWave Innovations,4
DataSphere Solutions,4
DataLink Group,4
NexaTech Corporation,5
NextWave Innovations,5
NexTech Dynamics,5
AlphaTech Inc.,6
AlphaWave Innovations,6
AlphaSphere Group,6
EcoSys Solutions,7
EcoTech Innovations,7
EcoWave Group,7
NovaSolutions Ltd.,8
NovaSphere Inc.,8
NovaTech Innovate,8
SynthSys Corporation,9
SynthWave Group,9
SynthTech Solutions,9
Quantum Innovators,10
QuantumSphere Inc.,10
QuantumTech Group,10
TechBridge Solutions,11
TechNex Corporation,11
TechCore Innovate,11
InfraSolve Group,12
Infiniti Innovations,12
InnoSys Corporation,12
MicroTech Solutions,13
MicroWave Innovations,13
MicroSphere Group,13
TechNova Group,14
TechLink Solutions,14
TechGenix Innovations,14
InfoTech Inc.,15
InfoWave Innovations,15
InfoSphere Group,15
DataTech Group,16
DataLink Solutions,16
DataSphere Innovate,16
NexaSphere Group,17
NexaTech Solutions,17
NexaLink Innovations,17
AlphaSolve Inc.,18
AlphaWave Group,18
AlphaTech Innovate,18
EcoTech Corporation,19
EcoSys Innovations,19
EcoWave Group,19
NovaWave Inc.,20
NovaSphere Solutions,20
NovaLink Innovations,20
SynthSphere Group,21
SynthSys Innovations,21
SynthWave Corporation,21
Quantum Innovate Inc.,22
QuantumTech Group,22
QuantumWave Solutions,22
TechCraft Group,23
TechNex Solutions,23
TechWave Innovations,23
InnoSphere Group,24
InnovateTech Inc.,24
InnoSys Innovations,24
MicroSolve Group,25
MicroTech Solutions,25
MicroSphere Innovate,25
InfoTech Inc.,26
InfoSys Group,26
InfoSphere Innovations,26
DataWave Group,27
DataTech Solutions,27
DataSphere Innovate,27
AlphaSphere Group,28
AlphaTech Inc.,28
AlphaWave Solutions,28
EcoWave Group,29
EcoTech Innovate,29
EcoSphere Inc.,29
NovaSphere Group,30
NovaTech Innovations,30
NovaSolve Corporation,30
company_name,cluster_id
Techtron Innovations,31
TechFusion Group,31
TechWave Systems,31
InnoMatrix Inc.,32
InnoSolve Corporation,32
InnoTech Ventures,32
DataSphere Dynamics,33
DataLink Innovations,33
DataSys Group,33
NexaTech Solutions,34
NextSphere Innovate,34
NexaWave Corporation,34
AlphaTech Dynamics,35
AlphaSphere Group,35
AlphaInnovate Inc.,35
EcoSolve Innovations,36
EcoTech Dynamics,36
EcoVista Group,36
NovaTech Solutions,37
NovaWave Innovations,37
NovaLink Corporation,37
SynthScape Innovate,38
SynthSphere Solutions,38
SynthSys Group,38
TechMinds Dynamics,39
TechLink Innovations,39
TechSavvy Inc.,39
InfraSphere Innovate,40
InfinitiTech Group,40
InnovaSys Solutions,40
MicroWave Innovations,41
MicroTech Group,41
MicroLink Inc.,41
InfoSphere Dynamics,42
InfoTech Innovations,42
InfoWave Group,42
DataLink Innovations,43
DataSphere Dynamics,43
DataTech Ventures,43
NexaSphere Innovate,44
NexaLink Solutions,44
NexaTech Group,44
AlphaSphere Dynamics,45
AlphaTech Innovations,45
AlphaLink Group,45
EcoWave Innovations,46
EcoSys Group,46
EcoTech Dynamics,46
NovaSphere Innovate,47
NovaTech Solutions,47
NovaWave Group,47
SynthTech Innovations,48
SynthWave Group,48
SynthSphere Dynamics,48
QuantumTech Innovate,49
QuantumWave Group,49
QuantumSys Solutions,49
TechCraft Dynamics,50
TechNex Innovations,50
TechGenix Group,50
InnoSphere Innovate,51
InnovaTech Group,51
InnoSys Dynamics,51
MicroSolve Innovations,52
MicroTech Group,52
MicroLink Dynamics,52
InfoTech Ventures,53
InfoSphere Innovations,53
InfoWave Group,53
DataWave Dynamics,54
DataTech Innovations,54
DataSphere Group,54
NexaSphere Innovate,55
NexaTech Solutions,55
NexaLink Group,55
AlphaSolve Dynamics,56
AlphaTech Innovations,56
AlphaWave Group,56
EcoWave Innovations,57
EcoSys Group,57
EcoTech Dynamics,57
NovaWave Innovate,58
NovaSphere Group,58
NovaTech Solutions,58
SynthSphere Dynamics,59
SynthWave Innovations,59
SynthSys Group,59
QuantumMinds Innovate,60
QuantumTech Group,60
QuantumWave Dynamics,60
TechNova Innovations,61
TechLink Group,61
TechScape Dynamics,61
InfraSys Innovate,62
InfinitiTech Group,62
InnovaSys Dynamics,62
MicroLink Innovations,63
MicroTech Group,63
MicroWave Dynamics,63
InfoSphere Innovate,64
InfoTech Group,64
InfoWave Dynamics,64
DataWave Innovations,65
DataTech Group,65
DataSphere Dynamics,65
NexaSphere Innovate,66
NexaLink Solutions,66
NexaTech Group,66
AlphaMinds Innovate,67
AlphaTech Group,67
AlphaSphere Dynamics,67
EcoTech Innovations,68
EcoSys Group,68
EcoWave Dynamics,68
NovaTech Innovate,69
NovaWave Group,69
NovaSphere Solutions,69
SynthWave Innovations,70
SynthTech Group,70
SynthSphere Dynamics,70
QuantumTech Innovate,71
QuantumLink Group,71
QuantumWave Dynamics,71
TechMinds Innovations,72
TechLink Group,72
TechCraft Dynamics,72
InfraSphere Innovate,73
InfinitiTech Group,73
InnovaSys Dynamics,73
MicroSolve Innovations,74
MicroTech Group,74
MicroLink Dynamics,74
InfoTech Innovate,75
InfoSphere Group,75
InfoWave Dynamics,75
DataWave Innovations,76
DataTech Group,76
DataSphere Dynamics,76
NexaSphere Innovate,77
NexaTech Solutions,77
NexaLink Group,77
AlphaSphere Innovations,78
AlphaTech Group,78
AlphaWave Dynamics,78
EcoWave Innovations,79
EcoTech Group,79
EcoSys Dynamics,79
NovaWave Innovate,80
NovaTech Solutions,80
NovaLink Group,80
SynthWave Innovations,81
SynthTech Group,81
SynthSphere Dynamics,81
QuantumTech Innovate,82
QuantumLink Group,82
QuantumWave Dynamics,82
TechMinds Innovations,83
TechLink Group,83
TechCraft Dynamics,83
InfraSphere Innovate,84
InfinitiTech Group,84
InnovaSys Dynamics,84
MicroLink Innovations,85
MicroTech Group,85
MicroWave Dynamics,85
InfoTech Innovate,86
InfoSphere Group,86
InfoWave Dynamics,86
DataWave Innovations,87
DataTech Group,87
DataSphere Dynamics,87
NexaSphere Innovate,88
NexaTech Solutions,88
NexaLink Group,88
AlphaSphere Innovations,89
AlphaTech Group,89
AlphaWave Dynamics,89
EcoWave Innovations,90
EcoTech Group,90
EcoSys Dynamics,90
NovaWave Innovate,91
NovaTech Solutions,91
NovaLink Group,91
SynthWave Innovations,92
SynthTech Group,92
SynthSphere Dynamics,92
QuantumTech Innovate,93
QuantumLink Group,93
QuantumWave Dynamics,93
TechMinds Innovations,94
TechLink Group,94
TechCraft Dynamics,94
InfraSphere Innovate,95
InfinitiTech Group,95
InnovaSys Dynamics,95
MicroLink Innovations,96
MicroTech Group,96
MicroWave Dynamics,96
InfoTech Innovate,97
InfoSphere Group,97
InfoWave Dynamics,97
DataWave Innovations,98
DataTech Group,98
DataSphere Dynamics,98
NexaSphere Innovate,99
NexaTech Solutions,99
NexaLink Group,99
AlphaSphere Innovations,100
AlphaTech Group,100
AlphaWave Dynamics,100
